<?xml version="1.0" encoding="UTF-8"?>
<faces-config
        xmlns="http://xmlns.jcp.org/xml/ns/javaee"
        xmlns:xsi="http://www.w3.org/2001/XMLSchema-instance"
        xsi:schemaLocation="http://xmlns.jcp.org/xml/ns/javaee http://xmlns.jcp.org/xml/ns/javaee/web-facesconfig_2_2.xsd"
        version="2.2">
    <managed-bean>
        <managed-bean-name>mainBean</managed-bean-name>
        <managed-bean-class>ch.hevs.managedbeans.MainBean</managed-bean-class>
        <managed-bean-scope>session</managed-bean-scope>
    </managed-bean>

    <navigation-rule>
        <display-name>manageTeams.xhtml</display-name>
        <from-view-id>/faces/pages/teams/manageTeams.xhtml</from-view-id>
        <navigation-case>
            <from-outcome>#{mainBean.manageTeam}</from-outcome>
            <to-view-id>/faces/pages/teams/showTeamToManage.xhtml</to-view-id>
        </navigation-case>
    </navigation-rule>

    <navigation-rule>
        <display-name>selectLeague.xhtml</display-name>
        <from-view-id>/faces/pages/leagues/selectLeague.xhtml</from-view-id>
        <navigation-case>
            <from-outcome>#{mainBean.getStatistics}</from-outcome>
            <to-view-id>/faces/pages/leagues/leagueStats.xhtml</to-view-id>
        </navigation-case>
    </navigation-rule>

</faces-config>
